﻿pos_x,pos_y,rotation,side,designator,mpn,pack,footprint,value,mount_type
-14.25,2.6,-90.0,top,BZ301,,,FUET-5020,Buzzer-FUET-5020,smt
17.5,-3.6,90.0,top,C101,,,C_0603_1608Metric,100nF,smt
-8.8,3.0,0.0,bottom,C102,,,C_0603_1608Metric,22pF,smt
-9.0,-1.9,180.0,bottom,C103,,,C_0603_1608Metric,22pF,smt
-2.9,5.3,0.0,bottom,C104,,,C_0402_1005Metric,100nF,smt
3.1,6.0,-90.0,bottom,C105,,,C_0402_1005Metric,100nF,smt
4.6,2.9,-90.0,bottom,C106,,,C_0402_1005Metric,100nF,smt
5.6,3.7,-90.0,bottom,C107,,,C_0402_1005Metric,100nF,smt
-3.25,6.25,0.0,bottom,C108,,,C_0402_1005Metric,100nF,smt
6.1,-4.425,0.0,bottom,C109,,,C_0402_1005Metric,100nF,smt
4.05,6.0,-90.0,bottom,C110,,,C_0402_1005Metric,100nF,smt
7.6,5.0,0.0,bottom,C111,,,C_0603_1608Metric,10uF,smt
7.6,3.5,0.0,bottom,C112,,,C_0603_1608Metric,1uF,smt
7.35,-1.1,0.0,bottom,C113,,,C_0603_1608Metric,100nF,smt
-6.75,-2.65,90.0,bottom,C114,,,C_0603_1608Metric,100nF,smt
-9.0,-3.4,180.0,bottom,C115,,,C_0603_1608Metric,1uF,smt
17.85,9.6,0.0,bottom,C201,,,C_0805_2012Metric,10uF,smt
13.65,9.55,180.0,bottom,C202,,,C_0805_2012Metric,10uF,smt
9.2,11.475,90.0,bottom,C203,,,C_0603_1608Metric,1nF,smt
-25.65,5.05,180.0,top,C301,,,C_0402_1005Metric,100nF,smt
-26.73,1.05,180.0,top,C302,,,C_0402_1005Metric,100nF,smt
18.957,16.5118,0.0,bottom,C303,,,C_0603_1608Metric,1uF,smt
18.195,14.175,-90.0,bottom,C304,,,C_0603_1608Metric,100nF,smt
-17.65,3.7,-90.0,top,C305,,,C_0603_1608Metric,1uF,smt
7.08971,15.25,180.0,top,C401,,,C_0402_1005Metric,100nF,smt
-8.91029,11.497876,0.0,top,C402,,,C_0402_1005Metric,100nF,smt
3.08971,15.25,180.0,top,C403,,,C_0402_1005Metric,100nF,smt
-4.91029,11.497876,0.0,top,C404,,,C_0402_1005Metric,100nF,smt
-0.91029,15.282,180.0,top,C405,,,C_0402_1005Metric,100nF,smt
-0.91029,11.497876,0.0,top,C406,,,C_0402_1005Metric,100nF,smt
-4.91029,15.25,180.0,top,C407,,,C_0402_1005Metric,100nF,smt
4.53,11.3,0.0,top,C408,,,C_0402_1005Metric,100nF,smt
-8.91029,15.25,180.0,top,C409,,,C_0402_1005Metric,100nF,smt
7.08971,11.497876,0.0,top,C410,,,C_0402_1005Metric,100nF,smt
7.08971,7.25,180.0,top,C411,,,C_0402_1005Metric,100nF,smt
3.08971,7.25,180.0,top,C412,,,C_0402_1005Metric,100nF,smt
-0.91029,7.25,180.0,top,C413,,,C_0402_1005Metric,100nF,smt
-4.91029,7.25,180.0,top,C414,,,C_0402_1005Metric,100nF,smt
-8.91029,7.25,180.0,top,C415,,,C_0402_1005Metric,100nF,smt
-8.91029,3.25,0.0,top,C416,,,C_0402_1005Metric,100nF,smt
-4.91029,3.25,0.0,top,C417,,,C_0402_1005Metric,100nF,smt
-0.91029,3.25,0.0,top,C418,,,C_0402_1005Metric,100nF,smt
3.08971,3.25,0.0,top,C419,,,C_0402_1005Metric,100nF,smt
7.08971,3.25,0.0,top,C420,,,C_0402_1005Metric,100nF,smt
7.08971,-0.75,180.0,top,C421,,,C_0402_1005Metric,100nF,smt
3.08971,-0.75,180.0,top,C422,,,C_0402_1005Metric,100nF,smt
-0.91029,-0.75,180.0,top,C423,,,C_0402_1005Metric,100nF,smt
-4.91029,-0.75,180.0,top,C424,,,C_0402_1005Metric,100nF,smt
-8.91029,-0.75,180.0,top,C425,,,C_0402_1005Metric,100nF,smt
11.1,13.15,-90.0,bottom,D201,,,D_SOD-123,B5817W,smt
2.8,8.2,0.0,bottom,D202,,,WSON-6_1.5x1.5mm_P0.5mm,PRTR5V0U2F,smt
-23.4,11.35,-90.0,bottom,D203,,,D_SOD-123,B5817W,smt
22.8,13.0,-90.0,top,D301,,,LED_0603_1608Metric,KT-0603R,smt
7.08971,13.497876,0.0,top,D401,,,LED_WS2812B-2020_PLCC4_2.0x2.0mm,WS2812B-2020,smt
-8.91029,9.497876,180.0,top,D402,,,LED_WS2812B-2020_PLCC4_2.0x2.0mm,WS2812B-2020,smt
3.08971,13.497876,0.0,top,D403,,,LED_WS2812B-2020_PLCC4_2.0x2.0mm,WS2812B-2020,smt
-4.91029,9.497876,180.0,top,D404,,,LED_WS2812B-2020_PLCC4_2.0x2.0mm,WS2812B-2020,smt
-0.91029,13.497876,0.0,top,D405,,,LED_WS2812B-2020_PLCC4_2.0x2.0mm,WS2812B-2020,smt
-0.91029,9.497876,180.0,top,D406,,,LED_WS2812B-2020_PLCC4_2.0x2.0mm,WS2812B-2020,smt
-4.91029,13.497876,0.0,top,D407,,,LED_WS2812B-2020_PLCC4_2.0x2.0mm,WS2812B-2020,smt
3.08971,9.497876,180.0,top,D408,,,LED_WS2812B-2020_PLCC4_2.0x2.0mm,WS2812B-2020,smt
-8.91029,13.497876,0.0,top,D409,,,LED_WS2812B-2020_PLCC4_2.0x2.0mm,WS2812B-2020,smt
7.08971,9.497876,180.0,top,D410,,,LED_WS2812B-2020_PLCC4_2.0x2.0mm,WS2812B-2020,smt
7.08971,5.497876,0.0,top,D411,,,LED_WS2812B-2020_PLCC4_2.0x2.0mm,WS2812B-2020,smt
3.08971,5.497876,0.0,top,D412,,,LED_WS2812B-2020_PLCC4_2.0x2.0mm,WS2812B-2020,smt
-0.91029,5.497876,0.0,top,D413,,,LED_WS2812B-2020_PLCC4_2.0x2.0mm,WS2812B-2020,smt
-4.91029,5.497876,0.0,top,D414,,,LED_WS2812B-2020_PLCC4_2.0x2.0mm,WS2812B-2020,smt
-8.91029,5.497876,0.0,top,D415,,,LED_WS2812B-2020_PLCC4_2.0x2.0mm,WS2812B-2020,smt
-8.91029,1.497876,180.0,top,D416,,,LED_WS2812B-2020_PLCC4_2.0x2.0mm,WS2812B-2020,smt
-4.91029,1.497876,180.0,top,D417,,,LED_WS2812B-2020_PLCC4_2.0x2.0mm,WS2812B-2020,smt
-0.91029,1.497876,180.0,top,D418,,,LED_WS2812B-2020_PLCC4_2.0x2.0mm,WS2812B-2020,smt
3.08971,1.497876,180.0,top,D419,,,LED_WS2812B-2020_PLCC4_2.0x2.0mm,WS2812B-2020,smt
7.08971,1.497876,180.0,top,D420,,,LED_WS2812B-2020_PLCC4_2.0x2.0mm,WS2812B-2020,smt
7.08971,-2.502124,0.0,top,D421,,,LED_WS2812B-2020_PLCC4_2.0x2.0mm,WS2812B-2020,smt
3.08971,-2.502124,0.0,top,D422,,,LED_WS2812B-2020_PLCC4_2.0x2.0mm,WS2812B-2020,smt
-0.91029,-2.502124,0.0,top,D423,,,LED_WS2812B-2020_PLCC4_2.0x2.0mm,WS2812B-2020,smt
-4.91029,-2.502124,0.0,top,D424,,,LED_WS2812B-2020_PLCC4_2.0x2.0mm,WS2812B-2020,smt
-8.91029,-2.502124,0.0,top,D425,,,LED_WS2812B-2020_PLCC4_2.0x2.0mm,WS2812B-2020,smt
-17.65,12.6,0.0,bottom,J201,,,JST_PH_S2B-PH-SM4-TB_1x02-1MP_P2.00mm_Horizontal,S2B-PH-SM4-TB,smt
-17.8,13.0,-90.0,top,J301,,,PinHeader_2x03_P2.54mm_Vertical_SMD,Conn_02x03_Odd_Even,smt
17.4,13.0,90.0,top,J302,,,PinHeader_2x03_P2.54mm_Vertical_SMD,Conn_02x03_Odd_Even,smt
11.2,1.8,-90.0,top,J303,,,ZX-HY2.0-4PLT,ZX-HY2.0-4PLT,smt
0.0,-9.2,0.0,top,J304,,,SAMTEC_HLE-115-02-F-DV,HLE-115-02-F-DV,smt
0.0,14.0,0.0,bottom,P201,,,USB_C_Receptacle_GCT_USB4110,USB_C_Plug_USB2.0,smt
-14.9,-1.9625,180.0,top,Q301,,,SOT-23,DDTC113ZCA,smt
21.7,-9.35,180.0,bottom,R101,,,R_0603_1608Metric,1k,smt
-16.85,4.95,180.0,bottom,R102,,,R_0603_1608Metric,1k,smt
7.35,0.45,180.0,bottom,R103,,,R_0603_1608Metric,27R,smt
7.35,1.95,180.0,bottom,R104,,,R_0603_1608Metric,27R,smt
-11.05,1.25,90.0,bottom,R105,,,R_0603_1608Metric,1k,smt
8.4,15.3,180.0,bottom,R201,,,R_0603_1608Metric,5k1,smt
8.4,13.75,180.0,bottom,R202,,,R_0603_1608Metric,5k1,smt
7.7,11.475,-90.0,bottom,R203,,,R_0603_1608Metric,100,smt
-29.25,3.075,90.0,top,R301,,,R_0603_1608Metric,10k,smt
-27.3,6.05,-90.0,top,R302,,,R_0603_1608Metric,10k,smt
-17.9,-2.6,0.0,bottom,R303,,,R_0603_1608Metric,1M,smt
-17.9,-1.1,0.0,bottom,R304,,,R_0603_1608Metric,1M,smt
21.7,-7.75,0.0,bottom,R305,,,R_0603_1608Metric,1M,smt
21.6,6.6,180.0,bottom,R306,,,R_0603_1608Metric,1M,smt
21.2694,15.7498,90.0,bottom,R307,,,R_0603_1608Metric,1k,smt
19.719,14.175,90.0,bottom,R308,,,R_0603_1608Metric,33k,smt
22.8,10.0,90.0,top,R309,,,R_0603_1608Metric,330R,smt
-9.55,12.2,-90.0,bottom,S101,,,SW_TS-1187A-B-A-B,TS-1187A-B-A-B,smt
0.0,-0.0,90.0,bottom,U101,,,QFN-56-1EP_7x7mm_P0.4mm_EP3.2x3.2mm,RP2040,smt
13.6,-3.6,0.0,bottom,U102,,,SOIC-8_5.23x5.23mm_P1.27mm,W25Q128JVS,smt
14.7,4.15,-90.0,bottom,U201,,,SOT-223-3_TabPin2,AMS1117-3.3,smt
-26.7,3.05,0.0,top,U301,,,LGA-14_3x2.5mm_P0.5mm_LayoutBorder3x4y,LSM6DS3TR-C,smt
16.2992,15.2002,180.0,bottom,U302,,,LMA3722T421-OA5,LMA3722T421-OA5,smt
-8.15,0.55,0.0,bottom,Y101,,,Crystal_SMD_3225-4Pin_3.2x2.5mm,Crystal_GND24,smt
